'Commit';'Data'
'fa3087c1df9afc5358a65fa8e936e466d1792cbc';09/12/08 11:07
'2a3bc2ad39a82a2c2723b54561f124d38133a475';10/01/09 01:42
'2507341f5090dac9593b8262d3fffd6f8d46e321';10/01/09 02:32
'd964864ba2433e18624e7877ac271af40c874e52';10/01/09 02:45
'9ce7d4d15191f1040866552805b9140bbf4083cd';14/01/09 03:00
'6b7c101c7d1b84a053b257184faaf27db214877a';15/01/09 01:24
'54a3f4eace46cdeedaf813703486f83fff3a8804';15/01/09 02:09
'a8548221c5078a9b6ef96317371c0798917a1582';15/01/09 04:17
'1b79958446d00e875b6069020c4206c132dd67ec';15/01/09 20:37
'fd1fb35eefce9c7653ba1e3035bf67d88afc6d41';15/01/09 21:44
'1231ed45c2cb72aa15935e1491e1b2613002aee7';17/01/09 20:43
'c0fa0add4b0491e8d2cf687e90eb6f7518e5208a';22/01/09 22:44
'84b3bc47483c5011130ba72241d08aef07a5fbaf';26/01/09 00:04
'c37150df67bb6617680f5b5766c1d62f38179122';05/02/09 19:31
'c08ca324aeeb87a68a83a304e831e4d109b03990';11/02/09 22:53
'd2a2ffa79ae3621a4e41627c398255fd7f98088f';12/02/09 00:16
'85d8a2d96b3d3bf94632451127a1d1b58802b631';22/02/09 18:57
'c281424aa6c35c62d55eddb79b98bb44c84cd04a';18/03/09 18:42
'51db4d199f20cec4c02a237c4f2598581605330f';18/03/09 20:53
'705274bef308fb3acc2f419ba978800ccab95e8b';06/04/09 18:38
'266008db322b3edcfc4cab68b1e2721c39aa4d40';27/04/09 05:27
'ce0c3d8a778c6ffd8c97fcaf7c6ad9ebd4aaf24e';13/05/09 19:17
'57402374b3d03724478f69884755a4cc28f02ad1';14/05/09 21:57
'9eca7f424d4f7fc6b6abe0daf537d8a9285224a1';15/06/09 05:39
'c74e55109b52b26d77a98b6e7528d70621bf6706';25/08/09 21:33
'1d1e66400e127a1701c9724aafca5fda538b74e9';26/08/09 05:01
'5b15b201b71cade539cf0cc76e7e178e9ff79d7b';10/10/09 04:18
'3f6bafa689b350ac525e3f9262339e2b6e51f7d7';22/03/10 04:40
'9adde72598af48b7adf40d74e8d63f7537ea517d';23/03/10 08:05
'50daad0c59211d34ca4a5bbe29e6698c5f588434';24/03/10 06:53
'b01d04589c963f003bc4b3433e76cc26422ddec7';24/03/10 12:24
'bfd69f25a5a70419964d9d44b847cbb09d3c9693';25/03/10 05:41
'4b88938a6a4783ed6b35666753aca7e256d57d89';14/04/10 10:25
'e4ff56a1c0212b9e0a7baff03dc12daf6218b71b';14/04/10 10:59
'9513feeb6e84666ba2e9401c4280d0cd69e4d10c';21/04/10 10:49
'952a544b7b2d050eb7098e348432cb8dd061667a';15/05/10 06:05
'c294beef3381a46d9cfa19581e64d7fe6bdfbb34';16/05/10 07:39
'2296b746883fc6b1e4811a5f020f0a1d02d50bfb';16/05/10 08:46
'4ea8ada2f3b0500ac3012148738d28daa93d518a';25/07/10 21:52
'27173fd6bd7e25dd5de10dffc7208336ac925047';10/08/10 18:51
'162ca334fecc2c7c5b8cec96538ba6075be81172';16/08/10 00:59
'00f897fe2aee5375232ecf58a6c0034b06c832f1';18/08/10 10:33
'1a8e1a44b02937292291ac65067db3fb5c4ab994';26/10/10 00:18
'dee3fbf17a34a9cc9bf72dde4325045a5068b22c';15/12/10 14:29
'12b7c04c72f4573ef616a33dee88400bfac0c80e';30/01/11 04:01
'd284c9c584e277dc1b492555d7e790cba848e90e';03/02/11 04:43
'1475574d0c4bcbca3571cb5f63c58f1c002be0c1';03/02/11 06:34
'88944575c8090692ff85e03658ee008b26d61b60';14/04/11 03:06
'c3b53318d8f4df731e52fd2cd80abe2b4de5ef9b';15/04/11 05:29
'09a806c49880daf89ddc4f180fe089122d0922fd';15/04/11 10:15
'dad2c1be1b9ee27565a3ae22363146471aee6493';18/04/11 05:44
'e8ab69e3d8d02d86673fa2a76fd7b48292bdf764';19/04/11 07:07
'44fc2e17ba0d10527f665bae2a8a6ebd0a5eaed3';20/04/11 12:26
'f867ad976dbf76f9da5e6f2a92a84defa992f5c0';21/04/11 03:48
'8db22f84e880a6822d418504d6b3330e433b26a7';27/04/11 10:55
'a7fe60412efb788881897c32dbfbbe24be7a6a0f';27/04/11 11:12
'07c564384c845e00fbb068fdd9dcc00ec71a3949';08/11/11 05:31
'a2a405a079d59c3e9286c70841413746c7838441';17/02/12 04:56
'86204f02377db8a6d1948b0412e55b5a396edfc6';12/03/12 10:51
'8dedc7b9d84676792f413196a0e3a23c476d91bf';28/06/12 03:09
'788f4a739d9b30327ff63b3895784732867b07e7';16/07/12 03:54
'85ab0d13f6b60810e0616e0bc40669f90bc291b3';16/07/12 08:35
'8aefa330273e69fb93cf9fe97cf5058b2e083ed9';01/08/12 07:45
'86fc7ff22f6617d3f1a11ac2a662e7294d55bcd9';02/08/12 06:14
'd758e5c567e4e409691c8528cb10aa6f8d4eae4b';07/08/12 02:51
'c0b6448b9d00052b4e665c3102c4c797647f55b4';10/08/12 04:03
'4adc8acec9302abd7bf3625dc652ed0f9f436a47';13/08/12 04:06
'705f940ad6c548e0373d4fa548191a6a2dfff265';20/08/12 09:15
'1f7f58811a43438a424c291c7d4aa20f938a3ddf';29/08/12 06:53
'47f546d92652c53cacc747af850b868b3ce4e9ae';09/09/12 14:18
'a3e1c92d66b51899cd6bb4e8616633228da5fcb9';18/09/12 09:15
'274714a0ba1a5a87732e42b41b432c016929a5ac';20/09/12 07:02
'47fc773a9d87adb3204b021085d23ca7c0ba67b8';20/09/12 08:16
'a7f76515b5ad3091a374ad894f83ed173e8d1d1a';02/10/12 07:03
'ab3452726c139466715a3f269fd5ffccbac5e5d3';11/10/12 09:30
'bc0bbe690fe5b5f46ceef4e4977348885ab7e011';30/10/12 06:56
'94cc876c708da3a08e471ed3a4010a6a34bfb4dd';30/10/12 13:18
'fb7b73abdb0eb8eba94b9457d876a39c742fcfe4';10/11/12 08:46
'527441184c2688a3abf10f49eed66046de1344d5';15/11/12 13:55
